position,nt,avg_delta
1,A,-0.00993628190339086
1,C,-8.770794281656334e-4
1,G,0.03423679523564012
1,T,-0.023451872332256315
2,A,-0.008631809227038139
2,C,-0.008262674430956555
2,G,0.017016172994089716
2,T,-0.0013199758675597692
3,A,0.01952048122486889
3,C,-0.021678601614813508
3,G,0.008145251246288718
3,T,-0.00994773502578107
4,A,0.015483525488297768
4,C,-0.025800650855996702
4,G,0.02271414005091464
4,T,-0.007467895954745681
8,A,0.06223414925944477
8,C,0.083493448406084525
8,G,0.02824485531917662
8,T,-0.17793961829040023
9,A,-0.004898636131916553
9,C,0.0026193654953093753
9,G,0.028859497716888474
9,T,-0.03652857320994974
10,A,-0.0031695586188763376
10,C,4.518430712815977e-4
10,G,0.0034238817059909117
10,T,0.0012772883076677783
11,A,-0.006052152489550066
11,C,0.017125856027088663
11,G,0.006289127213928727
11,T,-0.010878925084195443
12,A,-0.0062001814804405996
12,C,2.4964515403111815e-4
12,G,-0.005402885168244452
12,T,0.00913186489698132
13,A,0.0024392788513200184
13,C,-0.003755170994651212
13,G,0.004547374382045331
13,T,-0.009037249238008941
14,A,0.018803246987507724
14,C,-0.011289352395579962
14,G,-0.01270298665871907
14,T,-0.0060000006312480895
15,A,-4.541874395447998e-4
15,C,0.008696808001263118
15,G,-0.002330026851875861
15,T,-0.007253257531997444
16,A,0.0011949452421287738
16,C,-0.007128041241072748
16,G,-0.0015740779956772474
16,T,0.007354511031259021
17,A,-0.004338401996830951
17,C,0.021333461982607334
17,G,-0.014291754798390002
17,T,-0.009269130482249146
18,A,0.005176436090032023
18,C,0.007013203063396734
18,G,-0.005320907558292495
18,T,0.0021123761385994635
19,A,0.005625589003035823
19,C,0.014342106874115388
19,G,-0.009226201623142635
19,T,-0.0043134410331627255
20,A,0.0042512519224875
20,C,0.0017447544127947292
20,G,0.0010874719198862872
20,T,-0.005054843517213637
21,A,0.009572195657350827
21,C,0.004127886196604172
21,G,-0.012264583896744554
21,T,5.206826162136585e-4
22,A,0.0032406451013499817
22,C,0.0014963192398751855
22,G,-0.0020896153534210172
22,T,-0.0031551977313628945
23,A,-0.013759856517295149
23,C,0.02212219983667295
23,G,0.011684908464210022
23,T,-0.010624486523485544
24,A,-0.0018969949714617706
24,C,0.013125361337810572
24,G,-6.309239730168956e-4
24,T,-0.012406129311124963
25,A,-0.001951955077985809
25,C,0.021630781156052804
25,G,-0.008787532153668516
25,T,-0.008148190686717061
26,A,0.0011891624373461358
26,C,0.006303277200719106
26,G,-0.005321650069911213
26,T,-0.002083683386878193
27,A,0.0021146515292457817
27,C,-0.0020113293799560767
27,G,-4.6592519010515466e-4
27,T,-0.004610277950283404
28,A,0.007091654598190969
28,C,0.006593034083509073
28,G,-0.009663653052085367
28,T,-0.0022976692154621664
29,A,0.01813271552777117
29,C,0.002169954301718381
29,G,-0.012081706948477062
29,T,-0.0058960391001328435
30,A,0.008270916584864663
30,C,-0.003728127911226086
30,G,-0.009747704652016865
30,T,5.240367057465663e-4
31,A,-0.0018352082672547965
31,C,0.009883214880938573
31,G,-0.004975170499246739
31,T,-0.0074129876260657455
32,A,0.004646236304971738
32,C,-0.0128695471379525
32,G,0.002039231061730891
32,T,0.0038763704630761665
33,A,-0.00849967633794201
33,C,-0.01681796496468923
33,G,0.01563044027288427
33,T,0.0063870435356267055
34,A,0.009876983116892168
34,C,-0.002894176702229643
34,G,3.521059974124688e-4
34,T,-0.0031641882462869067
